sf_code,end_stock_day,product_name,new_balance,unit,bbd,product_type
JT839,31/12/2019,,2,ctn,26/09/2018,DRY
02a,31/12/2019,,0.4,ctn,11/03/2018,FRZ
02a,31/12/2019,,1.2,ctn,18/02/2019,FRZ
02a,31/12/2019,,0.2,ctn,26/02/2019,FRZ
02a,31/12/2019,,0.2,ctn,11/03/2019,FRZ
02a,31/12/2019,,0.2,ctn,15/03/2019,FRZ
02Aa,31/12/2019,,0.166,ctn,1/03/2018,FRZ
02Aa,31/12/2019,,1.666,ctn,8/06/2019,FRZ
APC03,31/12/2019,,13,ctn,31/12/2099,DRY
AS12,31/12/2019,,2.9,ctn,22/06/2015,FRZ
AS14,31/12/2019,,3.3,ctn,28/06/2018,FRZ
AS2,31/12/2019,,10,ctn,5/06/2014,FRZ
AS2?,31/12/2019,,1.2,ctn,27/06/2016,FRZ
AS7,31/12/2019,,4.85,ctn,5/06/2014,FRZ
ASF01,31/12/2019,,63,ctn,20/10/2020,DRY
ASF01,31/12/2019,,9,ctn,20/10/2020,FRZ
ASF03,31/12/2019,,50,ctn,20/10/2020,DRY
ASF03,31/12/2019,,3,ctn,20/10/2020,FRZ
ASF06,31/12/2019,,21,ctn,20/10/2020,FRZ
ASF07,31/12/2019,,20,ctn,20/10/2020,FRZ
BBC01a,31/12/2019,,0.8,ctn,26/08/2020,DRY
BBC01a,31/12/2019,,9,ctn,31/12/2099,DRY
BBC02a,31/12/2019,,14,ctn,31/12/2099,DRY
BBC03a,31/12/2019,,14.2,ctn,31/12/2099,DRY
BBC06a,31/12/2019,,7,ctn,31/12/2099,DRY
BBC07a,31/12/2019,,7,ctn,31/12/2099,DRY
BBC08a,31/12/2019,,8,ctn,31/12/2099,DRY
BBC10a,31/12/2019,,1,ctn,31/12/2099,DRY
BBC11,31/12/2019,,3,ctn,31/12/2099,DRY
BBC12,31/12/2019,,2,ctn,31/12/2099,DRY
BBC13,31/12/2019,,5,ctn,31/12/2099,DRY
BEC02,31/12/2019,,20,ctn,8/09/2020,DRY
BEC02,31/12/2019,,11,ctn,27/10/2020,FRZ
BEC02,31/12/2019,,30,ctn,27/10/2020,DRY
BEC03,31/12/2019,,9.35,ctn,24/11/2020,FRZ
BEC03,31/12/2019,,30,ctn,24/11/2020,DRY
BV,31/12/2019,,1,ctn,26/02/2015,FRZ
BV17,31/12/2019,,2,ctn,14/07/2013,FRZ
BV36Aa,31/12/2019,,20,ctn,9/05/2020,FRZ
BV43,31/12/2019,,11,ctn,24/08/2018,FRZ
BV43,31/12/2019,,6,ctn,8/09/2018,FRZ
BV43,31/12/2019,,2,ctn,14/10/2018,FRZ
BV57,31/12/2019,,105,ctn,17/04/2019,DRY
BV58,31/12/2019,,42,ctn,17/04/2019,DRY
CCA01d,31/12/2019,,1,plt,31/12/2099,DRY
CDY01,31/12/2019,,11,ctn,16/10/2020,DRY
CDY02,31/12/2019,,176,ctn,16/10/2020,DRY
CDY02,31/12/2019,,16,ctn,19/10/2020,DRY
CDY03,31/12/2019,,3,ctn,16/10/2020,DRY
CDY07,31/12/2019,,240,ctn,21/05/2020,DRY
CDY08,31/12/2019,,11,ctn,8/08/2020,DRY
CDY08,31/12/2019,,54,ctn,28/10/2020,DRY
CDY10,31/12/2019,,5,ctn,10/09/2019,DRY
CDY11,31/12/2019,,12,ctn,22/08/2017,DRY
CDY11,31/12/2019,,4,pack,22/08/2017,DRY
CDY11,31/12/2019,,2,ctn,16/11/2017,DRY
CDY11,31/12/2019,,17,ctn,21/07/2020,DRY
CDY13,31/12/2019,,4,ctn,16/10/2020,DRY
CDY13,31/12/2019,,3,ctn,19/10/2020,DRY
CDY14,31/12/2019,,1,ctn,23/04/2018,DRY
CDY14,31/12/2019,,99,ctn,31/03/2021,DRY
CDY15,31/12/2019,,50,ctn,21/09/2020,DRY
CDY16,31/12/2019,,2,ctn,16/10/2020,DRY
CDY17,31/12/2019,,3.5,ctn,3/06/2020,DRY
CDY18,31/12/2019,,0.975,ctn,3/06/2020,DRY
CDY19,31/12/2019,,6,ctn,19/10/2020,DRY
CDY19,31/12/2019,,8,ctn,31/12/2099,DRY
CF5,31/12/2019,,8,ctn,30/11/2013,FRZ
CFS01,31/12/2019,,11,ctn,31/12/2099,DRY
CFS02,31/12/2019,,13,ctn,31/12/2099,DRY
CHA01,31/12/2019,,240,ctn,8/08/2021,DRY
CHA01,31/12/2019,,34,ctn,8/08/2021,FRZ
CHA04,31/12/2019,,30,ctn,6/08/2021,FRZ
CHA05,31/12/2019,,39,ctn,6/11/2020,DRY
CHA05,31/12/2019,,1,ctn,6/11/2020,FRZ
CHA10,31/12/2019,,34,ctn,19/01/2021,FRZ
CHA13,31/12/2019,,7,ctn,7/11/2020,FRZ
CHA14,31/12/2019,,11,ctn,7/11/2020,FRZ
CHA15,31/12/2019,,16,ctn,7/11/2020,FRZ
CHA16,31/12/2019,,6,ctn,7/11/2020,FRZ
CHA17,31/12/2019,,4,ctn,28/08/2020,DRY
CHA18,31/12/2019,,4,ctn,22/09/2020,DRY
CHA18,31/12/2019,,43,ctn,7/11/2020,FRZ
CHA19,31/12/2019,,2,ctn,22/09/2020,DRY
CHA19,31/12/2019,,18,ctn,7/11/2020,FRZ
CHA19,31/12/2019,,10,ctn,7/11/2020,DRY
CHA20,31/12/2019,,4,ctn,22/09/2020,DRY
CHA20,31/12/2019,,10,ctn,26/09/2020,DRY
CHA21,31/12/2019,,28,ctn,7/11/2020,DRY
CHA21,31/12/2019,,4,ctn,7/11/2020,FRZ
CHA22,31/12/2019,,4,ctn,7/11/2020,DRY
CHA24,31/12/2019,,0.5,ctn,9/01/2021,FRZ
CHA26,31/12/2019,,12,ctn,9/01/2021,FRZ
CHO06,31/12/2019,,9,ctn,31/07/2020,DRY
CHO08,31/12/2019,,1,ctn,30/06/2020,DRY
CHO09,31/12/2019,,1,ctn,30/06/2020,DRY
CHO10,31/12/2019,,1,ctn,31/05/2020,DRY
CLV03,31/12/2019,,4,ctn,30/08/2017,FRZ
CLV05,31/12/2019,,8,ctn,17/08/2020,FRZ
CLV05,31/12/2019,,20,ctn,7/12/2020,FRZ
CLV07,31/12/2019,,2,ctn,1/12/2019,FRZ
CLV09,31/12/2019,,38,ctn,5/09/2019,FRZ
Code Required,31/12/2019,,18,ctn,18/12/2020,FRZ
Code Required,31/12/2019,,26,ctn,25/11/2021,DRY
Code Required,31/12/2019,,2,ctn,31/12/2099,DRY
Code to check,31/12/2019,,2,ctn,23/09/2021,FRZ
COF01,31/12/2019,,9,ctn,11/09/2021,FRZ
COF01,31/12/2019,,24,ctn,11/09/2021,DRY
COF01,31/12/2019,,100,ctn,7/11/2021,DRY
COF02,31/12/2019,,120,ctn,6/03/2021,DRY
COF03,31/12/2019,,1,ctn,1/08/2021,FRZ
COF03,31/12/2019,,50,ctn,10/11/2021,DRY
COF04,31/12/2019,,1,ctn,3/08/2021,FRZ
COF04,31/12/2019,,50,ctn,10/09/2021,DRY
COF05,31/12/2019,,1,ctn,4/08/2021,FRZ
COF05,31/12/2019,,144,ctn,10/08/2021,DRY
COF05,31/12/2019,,6,ctn,10/08/2021,FRZ
COF06,31/12/2019,,3,ctn,2/08/2021,FRZ
COF07,31/12/2019,,0.05,ctn,25/02/2019,FRZ
COF10,31/12/2019,,0.6,ctn,25/02/2019,FRZ
COF11,31/12/2019,,24,ctn,5/08/2021,DRY
COF11,31/12/2019,,22,ctn,5/08/2021,FRZ
COF12,31/12/2019,,1,ctn,11/09/2020,FRZ
COF12,31/12/2019,,10,ctn,8/08/2021,FRZ
COF14,31/12/2019,,0.8,ctn,15/10/2019,FRZ
COF17,31/12/2019,,3.55,ctn,25/02/2019,FRZ
COF18,31/12/2019,,0.65,ctn,31/12/1999,FRZ
COF18,31/12/2019,,1.5,ctn,25/02/2019,FRZ
COF19,31/12/2019,,5,ctn,25/02/2019,FRZ
COF21,31/12/2019,,0.3,ctn,26/02/2019,FRZ
COF22,31/12/2019,,33,ctn,10/05/2021,FRZ
COF23,31/12/2019,,6.6,ctn,16/05/2021,FRZ
COF24,31/12/2019,,24,ctn,27/04/2021,DRY
COF24,31/12/2019,,3,ctn,27/04/2021,FRZ
COF24,31/12/2019,,60,ctn,6/05/2021,DRY
COF26,31/12/2019,,40,ctn,28/03/2020,DRY
COF26,31/12/2019,,11.9584,ctn,28/03/2020,FRZ
COF27,31/12/2019,,5,ctn,13/05/2021,FRZ
COF27,31/12/2019,,71,ctn,9/08/2021,DRY
COF27,31/12/2019,,75,ctn,9/11/2021,DRY
COF28,31/12/2019,,3,ctn,8/11/2019,FRZ
COF29,31/12/2019,,4.95,ctn,20/01/2020,FRZ
COF30,31/12/2019,,23.9,ctn,15/05/2021,FRZ
CP01f,31/12/2019,,4,ctn,31/12/2099,DRY
CP02e,31/12/2019,,47,ctn,31/12/2099,DRY
CP04a,31/12/2019,,2.869,ctn,8/01/2017,DRY
CP05Aa,31/12/2019,,1,ctn,31/12/2099,DRY
CP06b,31/12/2019,,1,roll,31/12/2099,DRY
CST01,31/12/2019,,32,ctn,1/08/2020,DRY
CST01,31/12/2019,,192,ctn,1/04/2021,DRY
CST01,31/12/2019,,278,ctn,1/04/2021,FRZ
CST03,31/12/2019,,24,ctn,1/11/2019,DRY
CST03,31/12/2019,,10.6,ctn,1/11/2019,FRZ
CST04,31/12/2019,,20,ctn,1/11/2019,FRZ
CST05,31/12/2019,,5,ctn,1/04/2019,FRZ
CST07A,31/12/2019,,10,ctn,1/08/2019,DRY
CST07E,31/12/2019,,5,ctn,1/08/2019,FRZ
DAI01A,31/12/2019,,1,ctn,25/07/2020,FRZ
DAI01A,31/12/2019,,72,ctn,28/08/2020,FRZ
DAILY,31/12/2019,,17,plt,31/12/2099,FRZ
DH02,31/12/2019,,1.9,ctn,27/12/2017,FRZ
DH02,31/12/2019,,1,ctn,15/06/2019,FRZ
DH02,31/12/2019,,10,ctn,28/10/2019,FRZ
DH02,31/12/2019,,2.7,ctn,30/05/2021,FRZ
DH02,31/12/2019,,72,ctn,30/05/2021,DRY
DH03,31/12/2019,,30,ctn,30/05/2021,FRZ
DH03,31/12/2019,,24,ctn,30/05/2021,DRY
DH04,31/12/2019,,2.666,ctn,21/02/2017,FRZ
DH05,31/12/2019,,1.5,ctn,21/02/2017,FRZ
DH07,31/12/2019,,4.5004,ctn,21/02/2017,FRZ
DH08,31/12/2019,,0.625,ctn,31/12/1999,FRZ
DH08B,31/12/2019,,6.6,ctn,28/10/2019,FRZ
DH09,31/12/2019,,9,ctn,30/05/2021,DRY
DH11,31/12/2019,,0.7959,ctn,21/02/2017,FRZ
DH11A,31/12/2019,,36,ctn,6/04/2017,FRZ
DH11A,31/12/2019,,36,ctn,10/04/2018,DRY
DH12,31/12/2019,,0.6666,ctn,21/02/2017,FRZ
DH13A,31/12/2019,,11.45,ctn,10/11/2020,FRZ
DH14,31/12/2019,,3.6432,ctn,31/08/2017,FRZ
DH19,31/12/2019,,30,ctn,30/05/2021,FRZ
DH20,31/12/2019,,6,ctn,30/05/2021,FRZ
DH21,31/12/2019,,1.3,ctn,21/02/2017,FRZ
DH23,31/12/2019,,5,ctn,8/05/2018,FRZ
DH24,31/12/2019,,2,ctn,31/12/1999,FRZ
DH24,31/12/2019,,2,ctn,8/05/2018,FRZ
DH25,31/12/2019,,4,ctn,3/12/2020,FRZ
DH27,31/12/2019,,2.8,ctn,1/09/2018,FRZ
DH34,31/12/2019,,2.75,ctn,31/12/2099,DRY
DH34,31/12/2019,,1,pack,31/12/2099,DRY
DH35A,31/12/2019,,38,ctn,10/12/2020,FRZ
DH40,31/12/2019,,7,ctn,28/10/2019,DRY
DH41,31/12/2019,,3,ctn,28/10/2019,FRZ
DH44,31/12/2019,,30,ctn,28/12/2020,DRY
DH44,31/12/2019,,27,ctn,30/12/2020,DRY
DH44,31/12/2019,,16,ctn,30/12/2020,FRZ
DH45,31/12/2019,,144,ctn,10/12/2020,DRY
DH45,31/12/2019,,42,ctn,10/12/2020,FRZ
DH46,31/12/2019,,2,ctn,31/12/2099,DRY
DH47,31/12/2019,,22,ctn,10/12/2020,FRZ
DH49,31/12/2019,,12,ctn,10/12/2020,FRZ
DH50,31/12/2019,,15.9,ctn,30/05/2021,FRZ
DH52,31/12/2019,,4,ctn,30/05/2021,FRZ
DH53,31/12/2019,,2.6,ctn,30/05/2021,FRZ
DH54,31/12/2019,,13,ctn,30/05/2021,FRZ
DQS01A,31/12/2019,,3.3,ctn,6/10/2017,FRZ
DQS01A,31/12/2019,,0.72,ctn,3/12/2017,FRZ
DW16a,31/12/2019,,5,ctn,31/12/1999,DRY
DW16a,31/12/2019,,10,ctn,13/09/2021,DRY
DW19,31/12/2019,,5,ctn,29/10/2020,DRY
DW19,31/12/2019,,1,ctn,31/12/2099,DRY
DW21,31/12/2019,,4,ctn,31/12/2099,DRY
EBP03a,31/12/2019,,15,ctn,31/12/2099,DRY
EBP04,31/12/2019,,206,ctn,31/12/2099,DRY
FNW01,31/12/2019,,159,ctn,31/12/2099,DRY
FNW02,31/12/2019,,144,ctn,31/12/2099,DRY
FO04,31/12/2019,,96,ctn,23/04/2021,FRZ
FO04A,31/12/2019,,25,ctn,30/03/2021,FRZ
FO06,31/12/2019,,108,ctn,23/04/2021,FRZ
FO09,31/12/2019,,2,ctn,28/08/2018,FRZ
FO13,31/12/2019,,9,ctn,22/01/2019,FRZ
FO17,31/12/2019,,19,ctn,28/03/2021,FRZ
FO18,31/12/2019,,27,ctn,23/04/2021,FRZ
FO19,31/12/2019,,30,ctn,30/03/2021,FRZ
FO20,31/12/2019,,0.25,ctn,15/08/2020,FRZ
FO20,31/12/2019,,24,ctn,29/03/2021,DRY
FO20,31/12/2019,,14,ctn,29/03/2021,FRZ
FO20,31/12/2019,,24,ctn,23/04/2021,FRZ
FO21,31/12/2019,,64,ctn,28/03/2021,DRY
FO21,31/12/2019,,20,ctn,28/03/2021,FRZ
FUF10,31/12/2019,,2,ctn,6/11/2020,FRZ
GCA01e,31/12/2019,,1,ctn,30/06/2020,DRY
GCA01e,31/12/2019,,23,ctn,11/12/2020,DRY
GCA02c,31/12/2019,,37,ctn,26/11/2020,DRY
GCA03e,31/12/2019,,6,ctn,29/10/2020,DRY
GCA03e,31/12/2019,,2,ctn,31/12/2099,DRY
GCA06,31/12/2019,,2,ctn,15/09/2021,DRY
GCA07,31/12/2019,,1,ctn,31/12/2099,DRY
GFJ01,31/12/2019,,24,ctn,9/08/2018,FRZ
GFJ02,31/12/2019,,4.95,ctn,9/08/2018,FRZ
GFJ03,31/12/2019,,8,ctn,26/10/2019,FRZ
GFJ04,31/12/2019,,10,ctn,9/11/2020,FRZ
GFJ05,31/12/2019,,4.9,ctn,24/12/2018,FRZ
GFJ05,31/12/2019,,10.8,ctn,2/07/2020,FRZ
GFJ06,31/12/2019,,19,ctn,9/05/2021,FRZ
GFJ07,31/12/2019,,19,ctn,15/02/2021,FRZ
GFJ08,31/12/2019,,5.5,ctn,24/12/2018,FRZ
GFJ10,31/12/2019,,0.2,ctn,9/08/2018,FRZ
GFJ10,31/12/2019,,0.8,ctn,26/08/2019,FRZ
GFJ11,31/12/2019,,6,ctn,24/12/2018,FRZ
GFJ12,31/12/2019,,52,ctn,9/11/2020,DRY
GFJ12,31/12/2019,,60,ctn,15/02/2021,DRY
GFJ12,31/12/2019,,150,ctn,9/05/2021,DRY
GFJ13,31/12/2019,,23,ctn,9/05/2021,FRZ
GFJ17,31/12/2019,,5,ctn,9/08/2018,FRZ
GFJ18,31/12/2019,,10,ctn,15/02/2021,FRZ
GFJ19,31/12/2019,,58,ctn,9/05/2021,DRY
GOM01,31/12/2019,,9,pc,11/04/2016,DRY
GOM02a,31/12/2019,,7,ctn,1/08/2020,FRZ
GOM03a,31/12/2019,,2,ctn,25/04/2020,DRY
HJL01a,31/12/2019,,8,bag ,17/01/2021,DRY
HNC05,31/12/2019,,0.98,ctn,12/01/2019,FRZ
HNC06,31/12/2019,,0.95,ctn,12/01/2019,FRZ
HNC08,31/12/2019,,16,ctn,12/01/2019,FRZ
HUI01,31/12/2019,,614,ctn,6/06/2021,DRY
IBF04,31/12/2019,,1,ctn,3/06/2019,FRZ
IBF06,31/12/2019,,2.8,ctn,3/06/2019,FRZ
IBF08,31/12/2019,,48,ctn,23/01/2022,DRY
IBF08,31/12/2019,,13,ctn,23/01/2022,FRZ
IBF09,31/12/2019,,7.9334,ctn,18/01/2020,FRZ
IBF10,31/12/2019,,8,ctn,13/08/2020,FRZ
IBF12,31/12/2019,,60,ctn,7/10/2021,DRY
IBF13,31/12/2019,,48,ctn,31/03/2021,FRZ
IBF13,31/12/2019,,48,ctn,31/03/2021,DRY
IBF14,31/12/2019,,0.9367,ctn,1/03/2021,FRZ
IBF15,31/12/2019,,9.9584,ctn,6/10/2020,FRZ
IBF16,31/12/2019,,5.9584,ctn,14/10/2020,FRZ
IBF17,31/12/2019,,20,ctn,17/08/2021,FRZ
ICE,31/12/2019,,5,ctn,31/12/1999,FRZ
ICE01,31/12/2019,,5,ctn,2/04/2021,FRZ
ICE02,31/12/2019,,1,ctn,31/12/1999,FRZ
ICE02,31/12/2019,,1,ctn,4/10/2020,FRZ
ICE02,31/12/2019,,1,ctn,7/12/2020,FRZ
ICE02,31/12/2019,,2,ctn,8/02/2021,FRZ
ICE03,31/12/2019,,7,ctn,8/02/2021,FRZ
ICE03,31/12/2019,,10,ctn,2/04/2021,FRZ
ICE04,31/12/2019,,1,ctn,4/10/2020,FRZ
ICE04,31/12/2019,,3,ctn,7/12/2020,FRZ
ICE05,31/12/2019,,2,ctn,8/02/2021,FRZ
ICE05,31/12/2019,,5,ctn,2/04/2021,FRZ
ICE06,31/12/2019,,2,ctn,8/02/2021,FRZ
ICE06,31/12/2019,,8,ctn,2/04/2021,FRZ
ICE07,31/12/2019,,5,ctn,2/04/2021,FRZ
ICE08,31/12/2019,,1,ctn,7/12/2020,FRZ
ICE08,31/12/2019,,5,ctn,2/04/2021,FRZ
ICE09,31/12/2019,,4,ctn,2/04/2021,FRZ
ICE10,31/12/2019,,3,ctn,1/04/2019,FRZ
ICE11,31/12/2019,,1,ctn,31/12/1999,FRZ
ICE11,31/12/2019,,3,ctn,1/04/2019,FRZ
ICE11,31/12/2019,,1,ctn,2/04/2021,FRZ
ICE12,31/12/2019,,4,ctn,2/04/2021,FRZ
ICE13,31/12/2019,,1,ctn,31/12/1999,FRZ
ICE13,31/12/2019,,3,ctn,2/04/2021,FRZ
ICE14,31/12/2019,,2,ctn,2/04/2021,FRZ
ICE15,31/12/2019,,1,ctn,31/12/1999,FRZ
ICE15,31/12/2019,,3,ctn,8/02/2021,FRZ
ICE16,31/12/2019,,2,ctn,1/04/2019,FRZ
ICE17,31/12/2019,,2,ctn,8/02/2021,FRZ
ICE17,31/12/2019,,6,ctn,2/04/2021,FRZ
ICE18,31/12/2019,,10,ctn,1/04/2019,FRZ
ICE20,31/12/2019,,4,ctn,8/02/2021,FRZ
ICE20,31/12/2019,,8,ctn,2/04/2021,FRZ
ICE21,31/12/2019,,9,ctn,2/04/2021,FRZ
ICE22,31/12/2019,,3,ctn,8/07/2020,FRZ
ICE23,31/12/2019,,4,ctn,2/04/2021,FRZ
ICE24,31/12/2019,,4,ctn,4/10/2020,FRZ
ICE24,31/12/2019,,2,ctn,7/12/2020,FRZ
ICE24,31/12/2019,,5,ctn,8/02/2021,FRZ
ICE24,31/12/2019,,2,ctn,2/04/2021,FRZ
ICE25,31/12/2019,,1,ctn,1/04/2019,FRZ
ICE25,31/12/2019,,2,ctn,7/12/2020,FRZ
ICE25,31/12/2019,,3,ctn,2/04/2021,FRZ
ICE26,31/12/2019,,2,ctn,8/02/2021,FRZ
ICE26,31/12/2019,,8,ctn,2/04/2021,FRZ
ICE27,31/12/2019,,1,ctn,8/02/2021,FRZ
ICE28,31/12/2019,,1,ctn,31/12/1999,FRZ
ICE28,31/12/2019,,2,ctn,8/07/2020,FRZ
ICE28,31/12/2019,,1,ctn,8/02/2021,FRZ
ICE28,31/12/2019,,1,ctn,2/04/2021,FRZ
ICE29,31/12/2019,,1,ctn,7/03/2020,FRZ
ICE29,31/12/2019,,3,ctn,19/03/2020,FRZ
ICE29,31/12/2019,,2,ctn,8/07/2020,FRZ
ICE29,31/12/2019,,5,ctn,8/02/2021,FRZ
ICE29,31/12/2019,,1,ctn,2/04/2021,FRZ
ICE30,31/12/2019,,10,ctn,1/04/2019,FRZ
ICE30,31/12/2019,,3,ctn,8/07/2020,FRZ
ICE30,31/12/2019,,1,ctn,8/02/2021,FRZ
ICE30,31/12/2019,,1,ctn,2/04/2021,FRZ
ICE33,31/12/2019,,2,ctn,8/07/2020,FRZ
ICE33,31/12/2019,,1,ctn,2/04/2021,FRZ
ICE34,31/12/2019,,1,ctn,4/10/2020,FRZ
ICE35,31/12/2019,,1,ctn,8/07/2020,FRZ
ICE35,31/12/2019,,2,ctn,4/10/2020,FRZ
ICE35,31/12/2019,,2,ctn,7/12/2020,FRZ
ICE35,31/12/2019,,1,ctn,2/04/2021,FRZ
ICE36,31/12/2019,,1,ctn,1/04/2019,FRZ
ICE36,31/12/2019,,2,ctn,8/07/2020,FRZ
ICE36,31/12/2019,,3,ctn,4/10/2020,FRZ
ICE37,31/12/2019,,1,ctn,8/02/2021,FRZ
ICE40,31/12/2019,,2,ctn,7/03/2020,FRZ
ICE45,31/12/2019,,1,ctn,19/03/2020,FRZ
ICE46,31/12/2019,,2,ctn,8/02/2021,FRZ
ICE46,31/12/2019,,10,ctn,2/04/2021,FRZ
ICE47,31/12/2019,,2,ctn,8/02/2021,FRZ
ICE52,31/12/2019,,4,ctn,8/02/2021,FRZ
ICE53,31/12/2019,,1,ctn,31/12/1999,FRZ
ICE58,31/12/2019,,3,ctn,8/02/2021,FRZ
ICE58,31/12/2019,,5,ctn,2/04/2021,FRZ
ICE59,31/12/2019,,1,ctn,7/03/2020,FRZ
ICE60,31/12/2019,,1,ctn,7/03/2020,FRZ
ICE60,31/12/2019,,2,ctn,8/02/2021,FRZ
ICE61,31/12/2019,,1,ctn,31/12/1999,FRZ
ICE61,31/12/2019,,3,ctn,8/07/2020,FRZ
ICE62,31/12/2019,,3,ctn,8/07/2020,FRZ
ICE63,31/12/2019,,4,ctn,8/07/2020,FRZ
ICE64,31/12/2019,,2,ctn,7/12/2020,FRZ
ICE64,31/12/2019,,10,ctn,2/04/2021,FRZ
ICE66,31/12/2019,,1,ctn,19/03/2020,FRZ
ICE66,31/12/2019,,2,ctn,8/02/2021,FRZ
ICE67,31/12/2019,,1,ctn,7/12/2020,FRZ
ICE67,31/12/2019,,2,ctn,8/02/2021,FRZ
ICE68,31/12/2019,,2,ctn,31/12/1999,FRZ
ICE68,31/12/2019,,2,ctn,4/10/2020,FRZ
ICE69,31/12/2019,,3,ctn,4/10/2020,FRZ
ICE69,31/12/2019,,2,ctn,7/12/2020,FRZ
ICE69,31/12/2019,,3,ctn,8/02/2021,FRZ
ICE70,31/12/2019,,1,ctn,4/10/2020,FRZ
ICE70,31/12/2019,,2,ctn,7/12/2020,FRZ
ICE71,31/12/2019,,5,ctn,4/10/2020,FRZ
ICE73,31/12/2019,,1,ctn,8/02/2021,FRZ
ICE74,31/12/2019,,2,ctn,8/02/2021,FRZ
ICE76,31/12/2019,,4,ctn,2/04/2021,FRZ
ICE77,31/12/2019,,1,ctn,8/02/2021,FRZ
ICE79,31/12/2019,,5,ctn,2/04/2021,FRZ
ICE80,31/12/2019,,2,ctn,8/02/2021,FRZ
ICE80,31/12/2019,,11,ctn,2/04/2021,FRZ
ICE82,31/12/2019,,5,ctn,2/04/2021,FRZ
ICE85,31/12/2019,,1,ctn,2/04/2021,FRZ
ICE86,31/12/2019,,4,ctn,2/04/2021,FRZ
IMV03,31/12/2019,,14.8572,ctn,31/12/2099,DRY
ITM01,31/12/2019,,78,pc,3/12/2020,FRZ
ITM02,31/12/2019,,18,pc,3/12/2020,FRZ
ITM03,31/12/2019,,197,pc,3/12/2020,FRZ
ITM04,31/12/2019,,85,pc,3/12/2020,FRZ
ITM05,31/12/2019,,26,pc,3/12/2020,FRZ
ITM06,31/12/2019,,67,pc,3/12/2020,FRZ
ITM07,31/12/2019,,184,pc,3/12/2020,FRZ
ITM09,31/12/2019,,80,pc,3/12/2020,FRZ
ITM10,31/12/2019,,14,pc,3/12/2020,FRZ
ITM11,31/12/2019,,3,pc,3/12/2020,FRZ
ITM12,31/12/2019,,2,pc,3/12/2020,FRZ
ITM13,31/12/2019,,15,pc,3/12/2020,FRZ
ITM14,31/12/2019,,11,pc,3/12/2020,FRZ
JET4,31/12/2019,,2.7,ctn,8/07/2016,DRY
JET5,31/12/2019,,8,ctn,31/12/2099,DRY
JET6,31/12/2019,,3,ctn,31/12/2099,DRY
JET8a,31/12/2019,,19,ctn,22/04/2020,DRY
JF02Fa,31/12/2019,,128,ctn,14/10/2020,DRY
JF02Fa,31/12/2019,,15,ctn,14/10/2020,FRZ
JF02Fa,31/12/2019,,128,ctn,3/12/2020,DRY
JF09F,31/12/2019,,30,ctn,3/12/2020,DRY
JF18,31/12/2019,,0.7,ctn,12/10/2019,FRZ
JF18,31/12/2019,,20,ctn,9/07/2020,FRZ
JF18,31/12/2019,,64,ctn,19/08/2020,DRY
JF18,31/12/2019,,6,ctn,19/08/2020,FRZ
JFT08a,31/12/2019,,3,inner bag,5/09/2018,DRY
JT08A,31/12/2019,,1.8,ctn,1/05/2020,DRY
JT1022,31/12/2019,,1,inner bag,3/06/2020,DRY
JT1022,31/12/2019,,23,ctn,2/10/2020,DRY
JT1023,31/12/2019,,4,ctn,16/08/2020,DRY
JT1023,31/12/2019,,10,ctn,2/10/2020,DRY
JT103,31/12/2019,,1,ctn,8/01/2019,DRY
JT103,31/12/2019,,1,ctn,23/09/2019,DRY
JT1087,31/12/2019,,6,ctn,2/10/2020,DRY
JT1132,31/12/2019,,4,ctn,26/11/2020,DRY
JT1168,31/12/2019,,6,ctn,6/04/2020,DRY
JT1173,31/12/2019,,1,ctn,24/09/2020,DRY
JT1181,31/12/2019,,9,ctn,31/12/2099,DRY
JT1182,31/12/2019,,1,ctn,31/12/2099,DRY
JT1183,31/12/2019,,5,ctn,31/12/2099,DRY
JT1184,31/12/2019,,1,ctn,31/12/2099,DRY
JT157,31/12/2019,,16,ctn,1/05/2020,DRY
JT157,31/12/2019,,36,ctn,1/08/2020,DRY
JT167,31/12/2019,,12,pc,31/12/2099,DRY
JT221,31/12/2019,,6,ctn,23/07/2020,DRY
JT249,31/12/2019,,8,pack,31/12/2099,DRY
JT250,31/12/2019,,4,pack,31/12/2099,DRY
JT251,31/12/2019,,15.1,ctn,27/03/2020,DRY
JT251,31/12/2019,,27,ctn,3/06/2020,DRY
JT253,31/12/2019,,22.75,ctn,3/06/2020,DRY
JT253,31/12/2019,,48.25,ctn,1/10/2020,DRY
JT256,31/12/2019,,1,ctn,12/08/2018,DRY
JT27,31/12/2019,,34,ctn,1/09/2020,DRY
JT342,31/12/2019,,1.3334,ctn,11/07/2021,DRY
JT342,31/12/2019,,1,ctn,7/11/2021,DRY
JT342,31/12/2019,,5,ctn,23/01/2022,DRY
JT380,31/12/2019,,1,ctn,13/12/2014,DRY
JT393,31/12/2019,,9.83,ctn,31/12/2099,DRY
JT394,31/12/2019,,7,ctn,31/12/2099,DRY
JT395B,31/12/2019,,11,ctn,31/12/2099,DRY
JT396A,31/12/2019,,3,ctn,7/02/2020,DRY
JT396A,31/12/2019,,13,ctn,31/12/2099,DRY
JT408,31/12/2019,,1,ctn,18/07/2018,DRY
JT413,31/12/2019,,3,inner bag,31/12/1999,DRY
JT413,31/12/2019,,6,ctn,17/08/2020,DRY
JT413,31/12/2019,,25,ctn,5/10/2020,DRY
JT414,31/12/2019,,1,ctn,31/12/2099,DRY
JT423,31/12/2019,,0.7,ctn,31/12/2099,DRY
JT436,31/12/2019,,7,ctn,31/12/2099,DRY
JT445,31/12/2019,,13,ctn,9/12/2020,DRY
JT445,31/12/2019,,10,ctn,28/02/2021,DRY
JT45,31/12/2019,,3,ctn,31/12/2099,DRY
JT451,31/12/2019,,0.1666,ctn,31/12/1999,DRY
JT451,31/12/2019,,0.83,ctn,1/03/2019,DRY
JT456,31/12/2019,,1650,pack,31/12/2099,DRY
JT458,31/12/2019,,3,ctn,16/08/2016,DRY
JT459,31/12/2019,,8,ctn,1/04/2018,DRY
JT46,31/12/2019,,36,ctn,2/10/2021,DRY
JT46,31/12/2019,,252,ctn,16/10/2021,DRY
JT46A,31/12/2019,,99,ctn,16/10/2021,DRY
JT473,31/12/2019,,50,pc,31/12/2099,DRY
JT480,31/12/2019,,1,inner bag,31/12/1999,DRY
JT48a,31/12/2019,,101,ctn,24/05/2020,DRY
JT504,31/12/2019,,0.95,ctn,31/12/2099,DRY
JT510,31/12/2019,,1,ctn,14/05/2018,DRY
JT526,31/12/2019,,1,inner bag,12/10/2018,DRY
JT526,31/12/2019,,40,ctn,2/10/2020,DRY
JT527,31/12/2019,,3,ctn,16/08/2020,DRY
JT527,31/12/2019,,20,ctn,2/10/2020,DRY
JT528,31/12/2019,,28.75,ctn,2/10/2020,DRY
JT529,31/12/2019,,10,ctn,2/10/2020,DRY
JT539,31/12/2019,,4,ctn,4/04/2020,FRZ
JT540,31/12/2019,,1,ctn,22/03/2019,DRY
JT560,31/12/2019,,3,ctn,31/12/2099,DRY
JT561,31/12/2019,,1.5,ctn,31/12/2099,DRY
JT600,31/12/2019,,5,ctn,30/11/2019,DRY
JT632,31/12/2019,,0.1967,ctn,31/12/2099,DRY
JT633,31/12/2019,,0.4389,ctn,31/12/2099,DRY
JT634,31/12/2019,,0.4389,ctn,31/12/2099,DRY
JT635,31/12/2019,,0.4389,ctn,31/12/2099,DRY
JT636,31/12/2019,,0.5767,ctn,31/12/2099,DRY
JT637,31/12/2019,,0.5767,ctn,31/12/2099,DRY
JT638,31/12/2019,,1,ctn,31/12/2099,DRY
JT639,31/12/2019,,1,ctn,31/12/2099,DRY
JT640,31/12/2019,,1,ctn,31/12/2099,DRY
JT641,31/12/2019,,1,ctn,31/12/2099,DRY
JT642,31/12/2019,,1,ctn,31/12/2099,DRY
JT643,31/12/2019,,1,ctn,31/12/2099,DRY
JT644,31/12/2019,,1,ctn,31/12/2099,DRY
JT645,31/12/2019,,1,ctn,31/12/2099,DRY
JT646,31/12/2019,,1,ctn,31/12/2099,DRY
JT650,31/12/2019,,1,inner bag,10/07/2019,DRY
JT651,31/12/2019,,7,ctn,13/01/2019,DRY
JT701,31/12/2019,,14,ctn,31/12/2099,DRY
JT837,31/12/2019,,4,ctn,13/05/2020,DRY
JT837,31/12/2019,,30,ctn,10/09/2020,DRY
JT838,31/12/2019,,5,ctn,24/09/2019,DRY
JT930,31/12/2019,,3,ctn,1/08/2020,DRY
JT982A,31/12/2019,,5,ctn,15/06/2020,DRY
K02,31/12/2019,,42,ctn,10/10/2020,FRZ
K02,31/12/2019,,20,ctn,10/10/2020,DRY
K08A,31/12/2019,,7,ctn,22/04/2020,FRZ
K12,31/12/2019,,1,ctn,28/06/2020,FRZ
K12,31/12/2019,,4,ctn,26/08/2020,FRZ
K12,31/12/2019,,3,ctn,22/10/2020,DRY
K12,31/12/2019,,2,ctn,22/10/2020,FRZ
K13,31/12/2019,,4,ctn,16/08/2020,FRZ
K13,31/12/2019,,6,ctn,3/10/2020,DRY
K13,31/12/2019,,2,ctn,3/10/2020,FRZ
K15,31/12/2019,,4,ctn,24/08/2020,FRZ
K15,31/12/2019,,23,ctn,16/10/2020,DRY
K15,31/12/2019,,16,ctn,16/10/2020,FRZ
K16,31/12/2019,,2,ctn,15/08/2020,FRZ
K16,31/12/2019,,2,ctn,2/11/2020,FRZ
K17,31/12/2019,,3,ctn,19/08/2020,FRZ
K17,31/12/2019,,2,ctn,5/11/2020,FRZ
K18,31/12/2019,,3,ctn,5/07/2020,FRZ
K18,31/12/2019,,3,ctn,13/08/2020,FRZ
K19,31/12/2019,,5,ctn,25/03/2020,FRZ
K20,31/12/2019,,2,ctn,28/08/2020,FRZ
K20,31/12/2019,,8,ctn,12/10/2020,DRY
K20,31/12/2019,,2,ctn,12/10/2020,FRZ
K22,31/12/2019,,5,ctn,23/03/2020,FRZ
K23,31/12/2019,,3,ctn,1/07/2020,FRZ
K23,31/12/2019,,2,ctn,15/08/2020,FRZ
K23,31/12/2019,,2,ctn,30/10/2020,FRZ
K24,31/12/2019,,3.5,ctn,2/07/2020,FRZ
K24,31/12/2019,,2,ctn,2/11/2020,FRZ
K31,31/12/2019,,3,ctn,13/12/2019,FRZ
K31,31/12/2019,,5,ctn,25/04/2020,FRZ
K31,31/12/2019,,46,ctn,2/07/2020,DRY
K33,31/12/2019,,1,ctn,15/08/2020,FRZ
K33,31/12/2019,,2,ctn,2/10/2020,FRZ
K33,31/12/2019,,3,ctn,2/10/2020,DRY
KB01e,31/12/2019,,8,ctn,26/01/2021,FRZ
KB01e,31/12/2019,,39,ctn,28/09/2021,FRZ
KB24,31/12/2019,,2,ctn,9/11/2019,FRZ
KFP01b,31/12/2019,,42,ctn,11/03/2021,DRY
KONO01,31/12/2019,,1.67,ctn,15/01/2020,FRZ
KONO02,31/12/2019,,3,ctn,7/02/2019,FRZ
KONO02,31/12/2019,,2.666,ctn,12/02/2020,FRZ
KONO03,31/12/2019,,1,ctn,31/12/1999,FRZ
KONO03,31/12/2019,,1,ctn,30/11/2018,FRZ
KONO03,31/12/2019,,7,ctn,14/08/2019,FRZ
KONO03,31/12/2019,,0.333,ctn,10/09/2019,FRZ
KONO03,31/12/2019,,4,ctn,31/12/2099,FRZ
KONO04,31/12/2019,,2,ctn,17/07/2020,FRZ
KONO07,31/12/2019,,0.78,ctn,24/05/2019,FRZ
KONO07,31/12/2019,,0.26,ctn,1/07/2020,FRZ
KSG01,31/12/2019,,8,ctn,31/12/2099,DRY
KSG02,31/12/2019,,77,ctn,31/12/2099,DRY
KSG03,31/12/2019,,2,ctn,31/12/2099,DRY
KSG06,31/12/2019,,3,pack,1/04/2020,DRY
KU11,31/12/2019,,0.5,ctn,23/06/2020,FRZ
KU22A,31/12/2019,,21,ctn,21/03/2021,FRZ
KU24A,31/12/2019,,80,ctn,17/03/2021,DRY
KU27,31/12/2019,,9.98,ctn,18/09/2021,FRZ
KU27,31/12/2019,,26,ctn,18/09/2021,DRY
KU33A,31/12/2019,,18,ctn,22/12/2020,FRZ
KU45,31/12/2019,,29,ctn,20/03/2021,FRZ
KU54,31/12/2019,,1.72,ctn,31/03/2015,FRZ
KU57,31/12/2019,,1,ctn,22/08/2014,FRZ
KU57,31/12/2019,,3,ctn,31/03/2015,FRZ
KU58,31/12/2019,,0.75,ctn,1/08/2020,FRZ
KU58,31/12/2019,,120,ctn,26/12/2020,DRY
KU58,31/12/2019,,6.8,ctn,26/12/2020,FRZ
KU60,31/12/2019,,4,ctn,26/05/2016,FRZ
KU71,31/12/2019,,18,ctn,21/06/2021,FRZ
KU72,31/12/2019,,13,ctn,25/12/2020,FRZ
KU73,31/12/2019,,13.5,ctn,25/12/2020,FRZ
KYJ03,31/12/2019,,80,ctn,30/06/2021,DRY
KYJ08,31/12/2019,,1,ctn,29/02/2020,FRZ
KYJ08,31/12/2019,,4,ctn,31/05/2020,FRZ
KYJ08,31/12/2019,,15,ctn,31/10/2020,DRY
KYJ09,31/12/2019,,7,ctn,30/06/2020,FRZ
KYJ09,31/12/2019,,45,ctn,31/10/2020,DRY
KYJ100,31/12/2019,,1,ctn,27/05/2021,FRZ
KYJ101,31/12/2019,,1,ctn,27/05/2021,FRZ
KYJ101,31/12/2019,,5,ctn,5/08/2021,FRZ
KYJ102,31/12/2019,,18,ctn,4/10/2021,FRZ
KYJ103,31/12/2019,,4,ctn,5/08/2021,FRZ
KYJ104,31/12/2019,,4,ctn,5/08/2021,FRZ
KYJ105,31/12/2019,,5,ctn,5/08/2021,FRZ
KYJ106,31/12/2019,,5,ctn,3/06/2021,DRY
KYJ107,31/12/2019,,20,ctn,27/09/2020,DRY
KYJ14,31/12/2019,,1,ctn,2/03/2020,FRZ
KYJ14,31/12/2019,,172,ctn,24/09/2020,FRZ
KYJ14small,31/12/2019,,17,ctn,11/05/2018,FRZ
KYJ29,31/12/2019,,5.9,ctn,9/04/2017,FRZ
KYJ32,31/12/2019,,16,ctn,31/10/2018,FRZ
KYJ37,31/12/2019,,1,ctn,25/08/2018,FRZ
KYJ39,31/12/2019,,0.75,ctn,22/02/2018,FRZ
KYJ42A,31/12/2019,,39,ctn,27/09/2020,FRZ
KYJ42A,31/12/2019,,66,ctn,27/09/2020,DRY
KYJ46,31/12/2019,,4,ctn,2/08/2019,FRZ
KYJ53,31/12/2019,,5,ctn,29/07/2020,FRZ
KYJ53,31/12/2019,,10,ctn,28/09/2020,FRZ
KYJ54,31/12/2019,,1,ctn,30/06/2020,FRZ
KYJ55,31/12/2019,,3,ctn,29/02/2020,FRZ
KYJ57,31/12/2019,,3,ctn,16/04/2020,FRZ
KYJ58,31/12/2019,,0.9,ctn,31/03/2020,FRZ
KYJ60,31/12/2019,,14,ctn,31/03/2020,FRZ
KYJ61,31/12/2019,,6.995,kg,23/07/2020,FRZ
KYJ61,31/12/2019,,4,ctn,2/10/2020,FRZ
KYJ62,31/12/2019,,4,ctn,2/10/2020,FRZ
KYJ65,31/12/2019,,2,ctn,6/07/2019,FRZ
KYJ69,31/12/2019,,13,ctn,25/12/2020,FRZ
KYJ79,31/12/2019,,18,ctn,5/02/2021,FRZ
KYJ79,31/12/2019,,150,ctn,27/03/2021,DRY
KYJ80,31/12/2019,,11,ctn,5/02/2021,FRZ
KYJ80,31/12/2019,,6,ctn,27/03/2021,FRZ
KYJ80,31/12/2019,,44,ctn,27/03/2021,DRY
KYJ81,31/12/2019,,22.65,ctn,31/03/2020,FRZ
KYJ83NG,31/12/2019,,0.2666,ctn,4/05/2019,FRZ
KYJ83Repack,31/12/2019,,3,ctn,4/05/2019,FRZ
KYJ84Repack,31/12/2019,,3,ctn,1/04/2020,FRZ
KYJ93,31/12/2019,,1,ctn,27/05/2021,FRZ
KYJ93,31/12/2019,,5,ctn,5/08/2021,FRZ
KYJ95,31/12/2019,,1,ctn,27/05/2021,FRZ
KYJ96,31/12/2019,,2,ctn,27/05/2021,FRZ
KYJ97,31/12/2019,,1,ctn,27/05/2021,FRZ
KYJ97,31/12/2019,,5,ctn,5/08/2021,FRZ
KYJ98,31/12/2019,,1,ctn,27/05/2021,FRZ
KYJ99,31/12/2019,,1,ctn,27/05/2021,FRZ
LDF01,31/12/2019,,34,ctn,20/06/2021,FRZ
LDF01,31/12/2019,,672,ctn,22/10/2021,FRZ
LDF02,31/12/2019,,20,ctn,15/01/2021,FRZ
LDF03,31/12/2019,,31,ctn,22/10/2021,FRZ
LDF03,31/12/2019,,36,ctn,22/10/2021,DRY
LM,31/12/2019,,1,ctn,8/08/2019,FRZ
LTF01,31/12/2019,,8.5,ctn,1/08/2020,FRZ
LTF01,31/12/2019,,38,ctn,1/08/2020,DRY
LTF02,31/12/2019,,9,ctn,1/08/2020,DRY
LTF02,31/12/2019,,12,ctn,1/08/2020,FRZ
LUF01,31/12/2019,,2,ctn,12/05/2021,FRZ
LUF03,31/12/2019,,32,ctn,13/10/2021,DRY
LUF03,31/12/2019,,20,ctn,13/10/2021,FRZ
LUF04,31/12/2019,,3,ctn,12/06/2019,FRZ
Manpuku,31/12/2019,,1,plt,31/12/2099,FRZ
Mar-03,31/12/2019,,0.8,ctn,13/02/2013,FRZ
MAR03A,31/12/2019,,16,ctn,20/08/2020,FRZ
MATSURI,31/12/2019,,1,ctn,25/03/2019,FRZ
MAU01a,31/12/2019,,2,bags,29/05/2020,DRY
MAU01a,31/12/2019,,42,bags,29/12/2020,DRY
MDR03,31/12/2019,,17,ctn,25/08/2021,DRY
MFI03A,31/12/2019,,17,ctn,26/08/2021,FRZ
MFI04A,31/12/2019,,1,ctn,31/01/2021,FRZ
MFI04A,31/12/2019,,10,ctn,26/08/2021,DRY
MFI05,31/12/2019,,27,ctn,26/08/2021,FRZ
MFI09,31/12/2019,,16,ctn,11/08/2019,FRZ
MFI10,31/12/2019,,1.24,ctn,25/05/2020,FRZ
MFI10,31/12/2019,,7.36,ctn,14/12/2020,FRZ
MFI10,31/12/2019,,52,ctn,1/02/2021,DRY
MFI11,31/12/2019,,14,ctn,25/05/2020,FRZ
MFI11,31/12/2019,,10,ctn,14/12/2020,FRZ
MFI11,31/12/2019,,50,ctn,1/02/2021,DRY
MFI11,31/12/2019,,0.8,ctn,1/02/2021,FRZ
MFI13,31/12/2019,,51,ctn,27/08/2021,DRY
MGF01,31/12/2019,,13,bag,10/08/2016,FRZ
MKF08d,31/12/2019,,11,ctn,29/09/2020,FRZ
MON01,31/12/2019,,247,ctn,30/06/2021,DRY
MON01,31/12/2019,,12,ctn,30/06/2021,FRZ
MON02,31/12/2019,,0.9,ctn,28/02/2013,FRZ
MON02,31/12/2019,,100,ctn,15/06/2021,DRY
MON02,31/12/2019,,9,ctn,30/06/2021,FRZ
MON02,31/12/2019,,40,ctn,30/06/2021,DRY
MON02,31/12/2019,,50,ctn,1/07/2021,DRY
MPM5,31/12/2019,,2,ctn,31/03/2021,FRZ
MQA01a,31/12/2019,,2,ctn,7/08/2021,FRZ
MQA02,31/12/2019,,4,ctn,24/08/2021,FRZ
MYO02,31/12/2019,,168,ctn,30/09/2020,DRY
MYO04A,31/12/2019,,1,ctn,30/04/2020,DRY
MYO04A,31/12/2019,,2,ctn,31/12/2099,DRY
MYO04B,31/12/2019,,2,ctn,30/04/2020,DRY
MYO04B,31/12/2019,,2,ctn,31/12/2099,DRY
MYO04C,31/12/2019,,3,ctn,30/04/2020,DRY
NCG05,31/12/2019,,8,ctn,31/08/2018,FRZ
NCG07A,31/12/2019,,8.9,ctn,30/06/2020,FRZ
NCG08,31/12/2019,,6.33,ctn,3/06/2019,FRZ
NCG10,31/12/2019,,13,ctn,30/03/2020,FRZ
NCG12,31/12/2019,,0.7,ctn,9/04/2020,FRZ
NEV01,31/12/2019,,34,ctn,7/04/2020,FRZ
NEV01,31/12/2019,,7,ctn,7/06/2020,FRZ
NF01,31/12/2019,,10,ctn,30/12/2014,DRY
NF05,31/12/2019,,43,ctn,26/12/2014,DRY
NF06,31/12/2019,,11,ctn,21/12/2014,DRY
NFS29,31/12/2019,,9,ctn,10/06/2019,FRZ
NFS29,31/12/2019,,40,ctn,23/08/2019,DRY
NFS46b,31/12/2019,,48,bag,6/07/2020,DRY
NFS50b,31/12/2019,,8,ctn,19/09/2021,DRY
NMI10,31/12/2019,,2,ctn,21/12/2017,FRZ
NML08b,31/12/2019,,31,ctn,6/04/2021,DRY
NML09b,31/12/2019,,35,ctn,29/01/2021,DRY
NML14d,31/12/2019,,40,ctn,14/10/2021,DRY
NML15,31/12/2019,,4,bag,10/06/2020,DRY
NML15a,31/12/2019,,10,bag,17/11/2020,DRY
NML22,31/12/2019,,10,ctn,4/11/2020,FRZ
NML24,31/12/2019,,1,ctn,15/10/2019,FRZ
NML27,31/12/2019,,1,ctn,10/06/2020,DRY
NML28a,31/12/2019,,3,ctn,4/11/2020,FRZ
NS02,31/12/2019,,2,bag,18/03/2020,DRY
NS06,31/12/2019,,30,bag,18/03/2020,DRY
Nul01,31/12/2019,,25,ctn,31/12/2099,DRY
Nul02,31/12/2019,,14,ctn,31/12/2099,DRY
Nul03,31/12/2019,,10,ctn,31/12/2099,DRY
NW14,31/12/2019,,2.997,ctn,11/02/2016,FRZ
NW16,31/12/2019,,1,ctn,18/10/2018,FRZ
NW23,31/12/2019,,34.65,ctn,23/01/2020,FRZ
NW24,31/12/2019,,120,ctn,30/09/2021,DRY
NW26,31/12/2019,,34,ctn,30/03/2021,DRY
NW26,31/12/2019,,5,ctn,30/03/2021,FRZ
NW27,31/12/2019,,75,ctn,8/02/2021,DRY
NW27,31/12/2019,,25,ctn,8/02/2021,FRZ
NW27,31/12/2019,,265,ctn,30/03/2021,DRY
OCI07,31/12/2019,,5,ctn,11/02/2018,FRZ
OCI08,31/12/2019,,6,ctn,11/02/2018,FRZ
OCP,31/12/2019,,0.9,ctn,1/04/2015,FRZ
OCP06a,31/12/2019,,12,ctn,25/05/2015,FRZ
OCP23n,31/12/2019,,20,ctn,25/05/2021,FRZ
OCP39,31/12/2019,,0.7,ctn,28/06/2016,FRZ
OCP40,31/12/2019,,11,ctn,10/06/2016,FRZ
OCP48,31/12/2019,,2.003333333,ctn,16/12/2016,FRZ
OCP65Aa,31/12/2019,,12,ctn,11/06/2020,FRZ
OCP67a,31/12/2019,,28,ctn,25/05/2021,FRZ
OCP69,31/12/2019,,40,ctn,29/03/2021,FRZ
OKF01,31/12/2019,,0.925,ctn,15/12/2020,FRZ
OKF01,31/12/2019,,33.975,ctn,21/09/2021,FRZ
OKF02,31/12/2019,,3.975,ctn,20/09/2021,FRZ
OKF05,31/12/2019,,1.97,ctn,25/12/2020,FRZ
OKF05,31/12/2019,,37,ctn,29/05/2021,FRZ
OLS33,31/12/2019,,2,ctn,19/05/2020,DRY
OLS34,31/12/2019,,1,pc,31/12/2099,DRY
OLS35,31/12/2019,,1,pc,20/11/2018,DRY
OLS37,31/12/2019,,3,pc,31/12/2099,DRY
OLS38,31/12/2019,,7,pc,31/12/2099,DRY
OLS39,31/12/2019,,15,pc,31/12/2099,DRY
OLS50,31/12/2019,,2,pc,31/12/2099,DRY
OLS53,31/12/2019,,1,pc,31/12/2099,DRY
OLS54,31/12/2019,,1200,pc,31/12/2099,DRY
OLS82,31/12/2019,,3,pc,31/12/2099,DRY
OP04,31/12/2019,,1,ctn,3/11/2011,FRZ
OP07d,31/12/2019,,100,ctn,9/04/2021,DRY
OP07d,31/12/2019,,140,ctn,18/04/2021,DRY
OP07d,31/12/2019,,300,ctn,20/06/2021,DRY
OP14b,31/12/2019,,29,ctn,9/04/2021,FRZ
OP14b,31/12/2019,,64,ctn,9/04/2021,DRY
OP14b,31/12/2019,,177,ctn,20/06/2021,DRY
OPJ02C,31/12/2019,,1,ctn,15/08/2015,FRZ
OPJ15,31/12/2019,,3,ctn,29/04/2013,FRZ
OPJ20,31/12/2019,,2.5,ctn,31/12/2099,FRZ
OPJ21,31/12/2019,,2,ctn,15/08/2015,FRZ
OTK105,31/12/2019,,36,ctn,26/08/2020,FRZ
OTK128,31/12/2019,,160,ctn,9/07/2020,DRY
OTK128,31/12/2019,,36,ctn,9/07/2020,FRZ
OTK128,31/12/2019,,240,ctn,4/09/2020,DRY
OTK14,31/12/2019,,32,ctn,12/03/2021,DRY
OTK14,31/12/2019,,9,ctn,12/03/2021,FRZ
OTK14,31/12/2019,,24,ctn,8/06/2021,FRZ
OTK150A,31/12/2019,,7,ctn,13/03/2020,FRZ
OTK151,31/12/2019,,4,ctn,17/05/2020,FRZ
OTK159,31/12/2019,,1,ctn,7/05/2015,FRZ
OTK162A,31/12/2019,,1,ctn,1/05/2018,FRZ
OTK190A,31/12/2019,,2,ctn,7/03/2020,FRZ
OTK190A,31/12/2019,,16,ctn,7/12/2020,FRZ
OTK190A,31/12/2019,,2,ctn,2/04/2021,FRZ
OTK193A,31/12/2019,,12,ctn,7/03/2020,FRZ
OTK193A,31/12/2019,,4,ctn,19/03/2020,FRZ
OTK193A,31/12/2019,,18,ctn,7/12/2020,FRZ
OTK193A,31/12/2019,,1,ctn,2/04/2021,FRZ
OTK215,31/12/2019,,12.9,ctn,31/10/2015,FRZ
OTK218,31/12/2019,,0.5,ctn,18/05/2017,FRZ
OTK239,31/12/2019,,8,pack,7/03/2017,FRZ
OTK264,31/12/2019,,3,ctn,27/01/2019,FRZ
OTK270,31/12/2019,,3,ctn,20/01/2019,FRZ
OTK276,31/12/2019,,1,ctn,3/12/2020,FRZ
OTK276,31/12/2019,,6,ctn,19/03/2021,FRZ
OTK277,31/12/2019,,1,ctn,9/12/2020,FRZ
OTK277,31/12/2019,,8,ctn,18/03/2021,FRZ
OTK28,31/12/2019,,4,ctn,19/02/2020,FRZ
OTK28,31/12/2019,,10,ctn,19/09/2020,FRZ
OTK281,31/12/2019,,2,ctn,5/11/2020,FRZ
OTK281Repack,31/12/2019,,38,pack,31/12/1999,FRZ
OTK284,31/12/2019,,2.5,ctn,1/04/2020,FRZ
OTK288,31/12/2019,,40,ctn,1/08/2020,FRZ
OTK288,31/12/2019,,100,ctn,5/09/2020,DRY
OTK291,31/12/2019,,5,ctn,11/07/2017,FRZ
OTK30,31/12/2019,,50,ctn,4/11/2020,DRY
OTK30,31/12/2019,,46,ctn,4/11/2020,FRZ
OTK301,31/12/2019,,0.2,ctn,8/08/2017,FRZ
OTK306,31/12/2019,,4,ctn,19/06/2020,FRZ
OTK306,31/12/2019,,20,ctn,1/10/2020,FRZ
OTK307,31/12/2019,,3,ctn,18/02/2017,FRZ
OTK30B,31/12/2019,,29.8,ctn,6/07/2020,FRZ
OTK30B,31/12/2019,,40,ctn,25/08/2020,DRY
OTK30B,31/12/2019,,20,ctn,4/11/2020,DRY
OTK312,31/12/2019,,1,ctn,8/02/2019,FRZ
OTK315,31/12/2019,,1.4,ctn,7/02/2019,FRZ
OTK346,31/12/2019,,6,ctn,28/10/2020,FRZ
OTK348,31/12/2019,,3,ctn,30/10/2020,FRZ
OTK354,31/12/2019,,16,ctn,5/11/2020,FRZ
OTK356,31/12/2019,,2,ctn,31/12/2099,FRZ
OTK357,31/12/2019,,3,ctn,3/04/2020,FRZ
OTK358,31/12/2019,,39,ctn,8/09/2020,FRZ
OTK358,31/12/2019,,50,ctn,3/11/2020,DRY
OTK360,31/12/2019,,18,ctn,10/04/2020,FRZ
OTK360,31/12/2019,,120,ctn,10/04/2020,DRY
OTK362,31/12/2019,,0.2,ctn,31/12/1999,FRZ
OTK362,31/12/2019,,3,ctn,8/07/2020,FRZ
OTK363,31/12/2019,,7,ctn,31/07/2021,FRZ
OTK363,31/12/2019,,6,ctn,31/08/2021,FRZ
OTK363,31/12/2019,,2,ctn,30/09/2021,FRZ
OTK53,31/12/2019,,40,ctn,11/11/2020,DRY
OTK57,31/12/2019,,0.818,ctn,30/12/2010,FRZ
OTK70,31/12/2019,,1,ctn,16/06/2020,FRZ
OTK70,31/12/2019,,20,ctn,7/07/2020,FRZ
OTK80,31/12/2019,,0.375,ctn,6/04/2012,FRZ
OTK82,31/12/2019,,2.4,ctn,9/08/2017,FRZ
OTK99B,31/12/2019,,24,ctn,30/09/2020,FRZ
PAR12a,31/12/2019,,49,ctn,31/12/2099,DRY
PAR14,31/12/2019,,1,ctn,31/12/2099,DRY
PAR15,31/12/2019,,6,ctn,31/12/2099,DRY
PAR16,31/12/2019,,2,ctn,31/12/2099,DRY
PAR17,31/12/2019,,2,ctn,31/12/2099,DRY
PAR18,31/12/2019,,1,ctn,31/12/2099,DRY
PCF01,31/12/2019,,33,ctn,31/12/2099,DRY
PD01,31/12/2019,,8,bag,31/12/1999,DRY
PD01,31/12/2019,,9,bag,27/03/2021,DRY
PF19,31/12/2019,,70,ctn,31/03/2020,DRY
PF26,31/12/2019,,4,ctn,20/09/2019,FRZ
PF27B,31/12/2019,,24,ctn,29/08/2020,DRY
PF27B,31/12/2019,,95,ctn,3/10/2020,DRY
PF31,31/12/2019,,70,ctn,31/05/2021,DRY
PLATE,31/12/2019,,1,plt,31/12/1999,DRY
PLATE,31/12/2019,,1,plt,17/03/2020,DRY
PLATE,31/12/2019,,71,plt,31/12/2099,DRY
PRE01,31/12/2019,,14.75,ctn,14/06/2019,FRZ
QDO01,31/12/2019,,6,ctn,13/11/2019,FRZ
QDO03,31/12/2019,,1,ctn,10/03/2020,FRZ
QP03A,31/12/2019,,8,ctn,16/10/2020,DRY
QP05B,31/12/2019,,38,ctn,31/03/2020,DRY
QP06,31/12/2019,,34,ctn,14/04/2020,DRY
QP07,31/12/2019,,3,ctn,24/03/2014,DRY
QP09,31/12/2019,,2,ctn,14/04/2020,DRY
QP12,31/12/2019,,12,ctn,31/12/2099,DRY
QSW01,31/12/2019,,107,ctn,18/04/2021,DRY
QSW01,31/12/2019,,55,ctn,18/04/2021,FRZ
QSW02,31/12/2019,,19,ctn,26/03/2021,FRZ
QSW02,31/12/2019,,200,ctn,26/03/2021,DRY
QSW03,31/12/2019,,52,ctn,27/10/2021,DRY
QSW03,31/12/2019,,38,ctn,27/10/2021,FRZ
QSW04,31/12/2019,,30,ctn,18/04/2021,FRZ
QSW05,31/12/2019,,172,ctn,29/08/2020,DRY
QSW05,31/12/2019,,40,ctn,29/08/2020,FRZ
QSW06,31/12/2019,,24.52,ctn,12/01/2020,DRY
QSW07,31/12/2019,,4,ctn,2/03/2021,FRZ
QSW09,31/12/2019,,5.67,ctn,30/05/2021,FRZ
QSW10,31/12/2019,,20,ctn,30/05/2021,FRZ
QSW10,31/12/2019,,4,ctn,30/05/2021,DRY
QSW11,31/12/2019,,39.9,ctn,25/09/2021,FRZ
QSW12,31/12/2019,,10,ctn,20/10/2021,FRZ
QSW12,31/12/2019,,48,ctn,20/10/2021,DRY
QSW13,31/12/2019,,40,ctn,18/04/2021,DRY
QSW13,31/12/2019,,59,ctn,18/04/2021,FRZ
QSW14,31/12/2019,,10,ctn,18/04/2021,FRZ
QSW15,31/12/2019,,12,ctn,14/03/2021,FRZ
QSW16,31/12/2019,,31,ctn,14/03/2021,FRZ
QSW17,31/12/2019,,43,ctn,27/10/2021,FRZ
QSW17,31/12/2019,,147,ctn,27/10/2021,DRY
RC05,31/12/2019,,1,pc,31/12/2099,DRY
Red02b,31/12/2019,,27,ctn,15/09/2020,DRY
RED02c,31/12/2019,,25,bag,21/06/2021,DRY
RED03c,31/12/2019,,35,ctn,10/10/2023,DRY
RED03c,31/12/2019,,40,bag,31/10/2023,DRY
RED05,31/12/2019,,117,ctn,15/09/2020,DRY
RED10,31/12/2019,,1,ctn,30/04/2020,DRY
RED11,31/12/2019,,11,ctn,29/04/2020,DRY
RED13,31/12/2019,,187,ctn,1/05/2021,DRY
RUM01Ad,31/12/2019,,0.166,ctn,10/03/2018,FRZ
RUM01Ad,31/12/2019,,2,ctn,11/03/2018,FRZ
RUM01Ad,31/12/2019,,0.166,ctn,14/03/2018,FRZ
RUM01Ad,31/12/2019,,0.166,ctn,28/01/2019,FRZ
RUM01Ad,31/12/2019,,0.166,ctn,2/03/2019,FRZ
RUM01Ad,31/12/2019,,1,ctn,11/04/2019,FRZ
RUM01e,31/12/2019,,35,ctn,13/02/2020,FRZ
RUM02a,31/12/2019,,1,ctn,31/12/2099,FRZ
RUM05,31/12/2019,,15,ctn,20/02/2021,FRZ
RUM05,31/12/2019,,1,ctn,21/02/2021,FRZ
SAMPLE,31/12/2019,,7,plt,31/12/2099,FRZ
SHF05,31/12/2019,,1,ctn,1/09/2018,FRZ
SHF09,31/12/2019,,32,ctn,8/02/2020,DRY
SHF17,31/12/2019,,3,ctn,31/12/2099,FRZ
SHF22,31/12/2019,,2,ctn,15/06/2019,FRZ
SHF22,31/12/2019,,180,ctn,15/06/2019,DRY
SIC02,31/12/2019,,1,ctn,7/10/2020,FRZ
SIC02,31/12/2019,,4,ctn,18/10/2020,FRZ
SIC02Aa,31/12/2019,,2,ctn,19/06/2020,FRZ
SIC02Aa,31/12/2019,,1,ctn,16/11/2020,FRZ
SIC02Ba,31/12/2019,,5,ctn,24/10/2020,FRZ
SIC02Ba,31/12/2019,,2,ctn,16/11/2020,FRZ
SIC03a,31/12/2019,,2,ctn,10/10/2020,FRZ
SIC03a,31/12/2019,,1,ctn,16/11/2020,FRZ
SIC03Aa,31/12/2019,,2,ctn,22/11/2020,FRZ
SIC03Ba,31/12/2019,,1,ctn,22/11/2020,FRZ
SIC04,31/12/2019,,1,ctn,11/10/2020,FRZ
SIC04,31/12/2019,,1,ctn,16/11/2020,FRZ
SIC05Ba,31/12/2019,,1,ctn,16/11/2020,FRZ
SIC05Ba,31/12/2019,,2,ctn,29/11/2020,FRZ
SIC07Ba,31/12/2019,,1,ctn,22/08/2020,FRZ
SIC08Ab,31/12/2019,,2,ctn,10/01/2020,FRZ
SIC08Ab,31/12/2019,,2,ctn,12/03/2020,FRZ
SIC08Ba,31/12/2019,,1,ctn,7/10/2020,FRZ
SIC11,31/12/2019,,1,ctn,29/11/2020,FRZ
SM03Ab,31/12/2019,,0.75,ctn,6/03/2021,DRY
SM05a,31/12/2019,,2,ctn,14/12/2018,DRY
SM05A,31/12/2019,,5,ctn,31/12/2099,DRY
SO15,31/12/2019,,1,ctn,10/02/2015,FRZ
SO18,31/12/2019,,1,ctn,27/12/2015,FRZ
SO18A,31/12/2019,,0.9,ctn,13/11/2015,FRZ
SO21a,31/12/2019,,19,ctn,15/12/2020,FRZ
SO23,31/12/2019,,2.5,ctn,6/08/2017,FRZ
SO31a,31/12/2019,,3,ctn,6/07/2018,FRZ
SO32,31/12/2019,,54,ctn,14/02/2021,FRZ
SO33,31/12/2019,,20,ctn,18/11/2020,FRZ
SO33,31/12/2019,,1,ctn,1/05/2021,FRZ
SO34,31/12/2019,,3,ctn,3/08/2020,FRZ
SO35,31/12/2019,,5,ctn,3/08/2020,FRZ
SPL165,31/12/2019,,2,ctn,5/09/2020,FRZ
SPL325,31/12/2019,,1.75,ctn,12/10/2018,DRY
SPL467,31/12/2019,,2,ctn,1/11/2021,DRY
SPL468,31/12/2019,,10,ctn,1/11/2021,DRY
SPL470,31/12/2019,,2.75,bag,5/10/2020,DRY
SPL592,31/12/2019,,7,ctn,17/01/2021,FRZ
SPL596,31/12/2019,,21,bottle,31/12/2099,DRY
SPL597,31/12/2019,,1,ctn,31/12/2099,DRY
SPL620,31/12/2019,,1,ctn,20/10/2020,FRZ
ST01B,31/12/2019,,18.96,ctn,25/09/2020,FRZ
ST04,31/12/2019,,4,ctn,11/06/2019,FRZ
ST05,31/12/2019,,0.2,ctn,17/09/2020,FRZ
ST05,31/12/2019,,9,ctn,25/09/2020,FRZ
ST06,31/12/2019,,3,ctn,25/08/2020,FRZ
ST06,31/12/2019,,7.5,ctn,25/09/2020,FRZ
SUSHI02,31/12/2019,,5.625,ctn,24/11/2020,DRY
SUSHI02,31/12/2019,,2.375,ctn,31/12/2099,DRY
SUSHI03,31/12/2019,,46,tray,31/12/2099,DRY
T01a,31/12/2019,,14,ctn,23/10/2021,FRZ
T01a,31/12/2019,,80,ctn,23/10/2021,DRY
T02b,31/12/2019,,14,ctn,26/08/2021,FRZ
T02b,31/12/2019,,48,ctn,21/10/2021,DRY
T03a,31/12/2019,,25,ctn,17/08/2021,FRZ
T03a,31/12/2019,,84,ctn,17/08/2021,DRY
T04B,31/12/2019,,2,pack,21/06/2020,FRZ
T04B,31/12/2019,,672,ctn,28/10/2021,FRZ
T04B,31/12/2019,,224,ctn,28/10/2021,DRY
T05,31/12/2019,,3,pack,20/10/2014,FRZ
T05,31/12/2019,,1,ctn,22/09/2018,FRZ
T05,31/12/2019,,56,ctn,29/10/2021,FRZ
T05,31/12/2019,,168,ctn,29/10/2021,DRY
T05,31/12/2019,,672,ctn,5/11/2021,FRZ
T06,31/12/2019,,60,ctn,13/05/2021,DRY
T06,31/12/2019,,31,ctn,13/05/2021,FRZ
T07A,31/12/2019,,17,ctn,1/04/2021,DRY
T07A,31/12/2019,,3,ctn,13/11/2021,DRY
T08A,31/12/2019,,1,ctn,4/04/2021,DRY
T08A,31/12/2019,,1,ctn,29/05/2021,DRY
T08A,31/12/2019,,6,ctn,12/11/2021,FRZ
T08A,31/12/2019,,8,ctn,12/11/2021,DRY
T08A,31/12/2019,,4,ctn,13/11/2021,FRZ
T09A,31/12/2019,,10,ctn,13/11/2021,FRZ
T10,31/12/2019,,2,ctn,20/07/2020,FRZ
T10,31/12/2019,,1,ctn,25/07/2020,FRZ
T11A,31/12/2019,,8,ctn,31/12/1999,FRZ
T11A,31/12/2019,,48,ctn,15/10/2021,DRY
T17,31/12/2019,,4,pack,31/12/1999,FRZ
T19,31/12/2019,,10,ctn,1/10/2021,FRZ
T22A,31/12/2019,,1,ctn,2/07/2021,FRZ
T24,31/12/2019,,1064,ctn,28/10/2021,FRZ
T24,31/12/2019,,52,ctn,18/11/2021,FRZ
T27,31/12/2019,,1,ctn,21/03/2019,FRZ
T28,31/12/2019,,5.375,ctn,2/11/2018,FRZ
T30,31/12/2019,,7,ctn,2/10/2021,FRZ
T33,31/12/2019,,1,ctn,11/05/2021,FRZ
T33,31/12/2019,,7,ctn,27/08/2021,FRZ
TaiK04B,31/12/2019,,0.9,ctn,15/09/2020,FRZ
Taik08,31/12/2019,,0.6,ctn,7/07/2014,FRZ
TaiK14Ab,31/12/2019,,28,ctn,15/08/2020,FRZ
TaiK14Ab,31/12/2019,,208,ctn,13/08/2021,FRZ
TCH01,31/12/2019,,4.8841,ctn,26/02/2021,FRZ
TCH02,31/12/2019,,9.7671,ctn,25/02/2021,FRZ
TCH03,31/12/2019,,4,ctn,26/02/2021,FRZ
TF　Stock,31/12/2019,,1,ctn,21/05/2018,FRZ
TF　Stock,31/12/2019,,2,ctn,20/05/2019,FRZ
TF　Stock,31/12/2019,,1,ctn,22/06/2019,FRZ
TF　Stock,31/12/2019,,1,ctn,25/06/2019,FRZ
TF　Stock,31/12/2019,,1,ctn,1/12/2019,FRZ
TF　Stock,31/12/2019,,2.79,pack,30/01/2020,FRZ
TF　Stock,31/12/2019,,10.53,ctn,30/01/2020,FRZ
TF　Stock,31/12/2019,,1,plt,31/12/2099,FRZ
TF　Stock,31/12/2019,,1,ctn,31/12/2099,FRZ
TF01B,31/12/2019,,80,ctn,6/04/2020,FRZ
TF01B,31/12/2019,,1,ctn,13/08/2020,FRZ
TF01B,31/12/2019,,8,ctn,20/08/2020,FRZ
TF01B,31/12/2019,,9,ctn,21/08/2020,FRZ
TF01B,31/12/2019,,7,ctn,24/08/2020,FRZ
TF04,31/12/2019,,0.666,ctn,10/12/2018,FRZ
TF10,31/12/2019,,0.7,ctn,31/12/1999,FRZ
TF11,31/12/2019,,0.2,ctn,31/12/1999,FRZ
TF14,31/12/2019,,1,ctn,3/06/2019,FRZ
TF15,31/12/2019,,11.6,ctn,19/12/2020,FRZ
TF15,31/12/2019,,3,ctn,23/12/2020,FRZ
TF34B,31/12/2019,,1,ctn,31/12/2099,FRZ
TF34C,31/12/2019,,6,ctn,16/10/2020,FRZ
TF34C,31/12/2019,,1,ctn,23/10/2020,FRZ
TF34C,31/12/2019,,60,ctn,10/12/2020,FRZ
TF34NFS,31/12/2019,,14,ctn,15/10/2020,FRZ
TF47,31/12/2019,,2,ctn,10/04/2020,DRY
TF47,31/12/2019,,5,ctn,29/05/2020,DRY
TF48,31/12/2019,,10,ctn,16/12/2020,DRY
TF49,31/12/2019,,8,ctn,8/11/2020,DRY
TF49,31/12/2019,,20,ctn,16/12/2020,DRY
TF60,31/12/2019,,48,ctn,2/10/2018,DRY
TF61,31/12/2019,,3.2,ctn,21/05/2020,FRZ
TF66Material,31/12/2019,,4,ctn,27/09/2020,FRZ
TF66Material,31/12/2019,,5,ctn,3/10/2020,FRZ
TF66Material,31/12/2019,,2,ctn,4/10/2020,FRZ
TF66Material,31/12/2019,,1,ctn,14/10/2020,FRZ
TF66Material,31/12/2019,,4,ctn,17/10/2020,FRZ
TF66Material,31/12/2019,,3,ctn,24/10/2020,FRZ
TF66Material,31/12/2019,,4,ctn,25/10/2020,FRZ
TF66Material,31/12/2019,,2,ctn,26/10/2020,FRZ
TF66Material,31/12/2019,,1,ctn,27/10/2020,FRZ
TF66Material,31/12/2019,,1,ctn,31/10/2020,FRZ
TF66Material,31/12/2019,,2,ctn,1/11/2020,FRZ
TF66Material,31/12/2019,,3,ctn,9/11/2020,FRZ
TF66Material,31/12/2019,,2,ctn,14/11/2020,FRZ
TF66Material,31/12/2019,,1,ctn,15/11/2020,FRZ
TF66Material,31/12/2019,,3,ctn,22/11/2020,FRZ
TF66Material,31/12/2019,,2,ctn,3/12/2020,FRZ
TF66Material,31/12/2019,,6,ctn,7/12/2020,FRZ
TF71JFT,31/12/2019,,7.7,ctn,31/12/2099,FRZ
TF74,31/12/2019,,1,ctn,5/12/2019,FRZ
TF74Bgrade,31/12/2019,,1,ctn,31/12/1999,FRZ
TF77,31/12/2019,,0.5,ctn,16/11/2020,FRZ
TF77,31/12/2019,,2.5,ctn,23/11/2020,FRZ
TF77,31/12/2019,,10,ctn,28/11/2020,FRZ
TF77,31/12/2019,,1,ctn,6/12/2020,FRZ
TF77,31/12/2019,,11,ctn,13/12/2020,FRZ
TF77,31/12/2019,,6,ctn,20/12/2020,FRZ
TF83,31/12/2019,,1.3637,ctn,1/09/2019,FRZ
TF83,31/12/2019,,4,ctn,1/12/2019,FRZ
TF83,31/12/2019,,0.4333,ctn,1/05/2020,FRZ
TF83,31/12/2019,,6,ctn,1/11/2020,FRZ
TF83,31/12/2019,,8,ctn,1/12/2020,FRZ
TF83A,31/12/2019,,1,ctn,1/05/2019,FRZ
TF83A,31/12/2019,,1,ctn,1/08/2019,FRZ
TF83A,31/12/2019,,0.06334,ctn,1/01/2020,FRZ
TF83A,31/12/2019,,3,ctn,1/07/2020,FRZ
TF83A,31/12/2019,,18,ctn,1/08/2020,FRZ
TF83A,31/12/2019,,1,ctn,1/09/2020,FRZ
TF83A,31/12/2019,,1,ctn,1/10/2020,FRZ
TF83A,31/12/2019,,11,ctn,1/11/2020,FRZ
TF83A,31/12/2019,,7,ctn,1/12/2020,FRZ
TF83B,31/12/2019,,1,ctn,1/09/2019,FRZ
TF83B,31/12/2019,,1,ctn,1/05/2020,FRZ
TF83B,31/12/2019,,2,ctn,1/07/2020,FRZ
TF83B,31/12/2019,,3,ctn,1/08/2020,FRZ
TF83B,31/12/2019,,1,ctn,1/12/2020,FRZ
TF83E,31/12/2019,,0.0333,ctn,1/05/2019,FRZ
TF83E,31/12/2019,,1,ctn,24/05/2019,FRZ
TF83F,31/12/2019,,6,ctn,1/08/2020,FRZ
TF83F,31/12/2019,,2,ctn,1/09/2020,FRZ
TF83F,31/12/2019,,2,ctn,1/10/2020,FRZ
TF83F,31/12/2019,,4,ctn,1/11/2020,FRZ
TF83F,31/12/2019,,5,ctn,1/12/2020,FRZ
TF84,31/12/2019,,18,ctn,15/07/2020,FRZ
TF84,31/12/2019,,65,ctn,19/07/2020,DRY
TF84,31/12/2019,,62,ctn,22/07/2020,DRY
TF84,31/12/2019,,59,ctn,26/07/2020,DRY
TF84,31/12/2019,,65,ctn,29/07/2020,DRY
TF84,31/12/2019,,63,ctn,5/08/2020,DRY
TF84,31/12/2019,,65,ctn,12/08/2020,DRY
TF84,31/12/2019,,61,ctn,9/09/2020,DRY
TF84,31/12/2019,,64,ctn,16/09/2020,DRY
TF84,31/12/2019,,43,ctn,30/09/2020,DRY
TF84,31/12/2019,,46,ctn,14/10/2020,DRY
TF84,31/12/2019,,45,ctn,21/10/2020,DRY
TF84,31/12/2019,,41,ctn,28/10/2020,DRY
TF84,31/12/2019,,40,ctn,4/11/2020,DRY
TF84,31/12/2019,,51,ctn,10/11/2020,DRY
TF84,31/12/2019,,1,ctn,11/11/2020,DRY
TF84,31/12/2019,,55,ctn,18/11/2020,DRY
TF84,31/12/2019,,54,ctn,11/12/2020,DRY
TF84SAMPLE,31/12/2019,,25,ctn,31/12/2099,FRZ
TF85,31/12/2019,,1,ctn,4/04/2019,FRZ
TF85,31/12/2019,,3,ctn,2/05/2020,FRZ
TF85,31/12/2019,,47,ctn,1/11/2020,FRZ
TF85,31/12/2019,,47,ctn,6/11/2020,DRY
TF85,31/12/2019,,52,ctn,7/11/2020,DRY
TF85,31/12/2019,,52,ctn,8/11/2020,DRY
TF85,31/12/2019,,54,ctn,12/11/2020,DRY
TF85,31/12/2019,,55,ctn,13/11/2020,DRY
TF85,31/12/2019,,54,ctn,14/11/2020,DRY
TF85,31/12/2019,,51,ctn,15/11/2020,DRY
TF85,31/12/2019,,54,ctn,19/11/2020,DRY
TF85,31/12/2019,,52,ctn,20/11/2020,DRY
TF85,31/12/2019,,53,ctn,21/11/2020,DRY
TF85,31/12/2019,,52,ctn,22/11/2020,DRY
TF85,31/12/2019,,51,ctn,26/11/2020,DRY
TF85,31/12/2019,,50,ctn,27/11/2020,DRY
TF85,31/12/2019,,52,ctn,28/11/2020,DRY
TF85,31/12/2019,,54,ctn,29/11/2020,DRY
TF85,31/12/2019,,51,ctn,3/12/2020,DRY
TF85,31/12/2019,,53,ctn,4/12/2020,DRY
TF85,31/12/2019,,53,ctn,5/12/2020,DRY
TF85,31/12/2019,,52,ctn,6/12/2020,DRY
TF85,31/12/2019,,53,ctn,10/12/2020,DRY
TF85,31/12/2019,,1,ctn,11/12/2020,DRY
TF85,31/12/2019,,41,ctn,12/12/2020,DRY
TF85,31/12/2019,,1,ctn,31/12/2099,DRY
TF85,31/12/2019,,59,ctn,31/12/2099,FRZ
TF88,31/12/2019,,3,ctn,22/11/2020,FRZ
TF89,31/12/2019,,2,ctn,31/12/2099,DRY
TF90,31/12/2019,,3,ctn,13/12/2020,FRZ
TF96,31/12/2019,,15.5,ctn,31/12/1999,FRZ
TF97,31/12/2019,,19,ctn,23/12/2020,FRZ
TF98,31/12/2019,,2,ctn,21/10/2020,FRZ
TF99,31/12/2019,,8,ctn,30/11/2020,FRZ
TFB25,31/12/2019,,1,ctn,4/06/2019,FRZ
TFB25,31/12/2019,,13,ctn,1/12/2019,FRZ
TFB25,31/12/2019,,37,ctn,8/12/2019,FRZ
TFB25,31/12/2019,,33,ctn,22/12/2019,FRZ
TFB25,31/12/2019,,11,ctn,1/01/2020,FRZ
TFB25,31/12/2019,,3,ctn,22/01/2020,FRZ
TFB25,31/12/2019,,5,ctn,15/09/2020,FRZ
TFB25,31/12/2019,,25,ctn,22/09/2020,FRZ
TFB25,31/12/2019,,32,ctn,20/10/2020,FRZ
TFB26,31/12/2019,,13,ctn,4/11/2019,FRZ
TFB26,31/12/2019,,34,ctn,25/11/2019,FRZ
TFB26,31/12/2019,,34,ctn,15/12/2019,FRZ
TFB26,31/12/2019,,24,ctn,1/09/2020,FRZ
TFB26,31/12/2019,,33,ctn,6/10/2020,FRZ
TFF01,31/12/2019,,2,ctn,31/12/2099,DRY
TFF02,31/12/2019,,2,ctn,31/12/2099,DRY
TFF03,31/12/2019,,1,ctn,31/12/2099,DRY
TFF04,31/12/2019,,1,ctn,31/12/2099,DRY
TFJ05,31/12/2019,,8,ctn,4/12/2020,DRY
TFL002,31/12/2019,,1,ctn,11/09/2019,FRZ
TFS01,31/12/2019,,14,ctn,29/10/2020,FRZ
TFS01,31/12/2019,,50,ctn,5/12/2020,FRZ
TFS02,31/12/2019,,28,ctn,20/03/2017,FRZ
TFS02A,31/12/2019,,13,ctn,26/02/2018,FRZ
TFS04,31/12/2019,,2,ctn,19/04/2018,FRZ
TFS04,31/12/2019,,7.42,pack,23/04/2018,FRZ
TFS04,31/12/2019,,6.63,pack,30/04/2018,FRZ
TFS04,31/12/2019,,6.25,pack,14/05/2018,FRZ
TFS04,31/12/2019,,1,ctn,8/06/2018,FRZ
TFS04,31/12/2019,,5,pack,7/05/2019,FRZ
TFS04,31/12/2019,,1,ctn,30/11/2019,FRZ
TFS04,31/12/2019,,1,ctn,30/01/2020,FRZ
TFS04A,31/12/2019,,8,ctn,10/04/2019,FRZ
TF在庫,31/12/2019,,48,ctn,18/01/2017,DRY
TGP02,31/12/2019,,2,ctn,31/12/2099,DRY
TGP07,31/12/2019,,7,ctn,31/12/2099,DRY
TMK1,31/12/2019,,8,ctn,17/05/2019,FRZ
TMK3a,31/12/2019,,28,ctn,18/06/2020,FRZ
TMK4,31/12/2019,,1.33,ctn,17/05/2019,FRZ
TMK6,31/12/2019,,13.67,ctn,18/06/2020,FRZ
TPM01,31/12/2019,,21,ctn,31/12/2099,DRY
TPM02,31/12/2019,,6,ctn,31/12/2099,DRY
TRS01,31/12/2019,,1,ctn,31/07/2018,FRZ
TRS05,31/12/2019,,2.5,ctn,31/07/2018,FRZ
TRS06,31/12/2019,,14.6,ctn,31/07/2018,FRZ
TSK01,31/12/2019,,21,ctn,10/09/2020,FRZ
TSK02,31/12/2019,,11,ctn,27/09/2019,FRZ
TSK08,31/12/2019,,2.7,ctn,14/03/2018,FRZ
TSK18,31/12/2019,,7,ctn,4/11/2019,FRZ
TSK18,31/12/2019,,20,ctn,29/03/2020,DRY
TSK27,31/12/2019,,17,ctn,15/03/2020,FRZ
TSK27,31/12/2019,,40,ctn,6/10/2020,FRZ
TSK28,31/12/2019,,59,ctn,6/10/2020,FRZ
TSK28,31/12/2019,,160,ctn,6/10/2020,DRY
TSK32,31/12/2019,,71.5,ctn,15/06/2020,FRZ
TSK33,31/12/2019,,43.5,ctn,15/06/2020,FRZ
TSK33,31/12/2019,,37.5,ctn,31/12/2099,FRZ
TSK34,31/12/2019,,2.7,ctn,31/12/2099,FRZ
TSK35,31/12/2019,,0.75,ctn,31/12/1999,FRZ
TSK35,31/12/2019,,1,ctn,31/12/2099,FRZ
TSK44,31/12/2019,,6,ctn,30/03/2020,FRZ
TSK45,31/12/2019,,9,ctn,31/03/2020,FRZ
TSK47,31/12/2019,,9,ctn,30/03/2020,FRZ
TSK48,31/12/2019,,4,ctn,29/03/2020,FRZ
TSK49,31/12/2019,,17,ctn,29/03/2020,FRZ
TSK50,31/12/2019,,4,ctn,5/11/2019,FRZ
TSK50,31/12/2019,,20,ctn,30/03/2020,DRY
TSK51,31/12/2019,,9,ctn,13/08/2019,FRZ
TSK52,31/12/2019,,1,ctn,13/08/2019,FRZ
TSK53,31/12/2019,,8,ctn,28/03/2020,FRZ
TSK54,31/12/2019,,17,ctn,13/09/2020,FRZ
TSK54,31/12/2019,,320,ctn,13/09/2020,DRY
TSK55,31/12/2019,,43,ctn,19/04/2020,FRZ
TSK56,31/12/2019,,2,ctn,3/09/2020,FRZ
TSK57,31/12/2019,,3,ctn,2/09/2020,FRZ
TSK58,31/12/2019,,2,ctn,2/09/2020,FRZ
TSK59,31/12/2019,,3,ctn,12/09/2020,FRZ
TSK60,31/12/2019,,1,ctn,31/12/1999,FRZ
TSK60,31/12/2019,,8,ctn,2/08/2020,FRZ
TSK61,31/12/2019,,4,ctn,15/09/2020,FRZ
TSK62,31/12/2019,,8,ctn,1/10/2020,FRZ
TSK63,31/12/2019,,8,ctn,1/10/2020,FRZ
TSK64,31/12/2019,,5,ctn,1/10/2020,FRZ
TSK65,31/12/2019,,7,ctn,17/07/2020,FRZ
TT15,31/12/2019,,1,ctn,31/12/1999,FRZ
TT16,31/12/2019,,1,ctn,8/03/2012,FRZ
TT18,31/12/2019,,2.67,ctn,27/02/2012,FRZ
TT24,31/12/2019,,4.96,ctn,18/04/2014,FRZ
TT25,31/12/2019,,8.6,ctn,31/12/1999,FRZ
TT32,31/12/2019,,3,ctn,5/10/2014,FRZ
U18A,31/12/2019,,4.9,ctn,9/06/2016,FRZ
U19A,31/12/2019,,4.9,ctn,9/06/2016,FRZ
U34,31/12/2019,,2,ctn,18/04/2013,FRZ
U35,31/12/2019,,1,ctn,18/04/2013,FRZ
U36,31/12/2019,,2,ctn,18/04/2013,FRZ
UKF06A,31/12/2019,,15,ctn,26/02/2020,DRY
UKF06A,31/12/2019,,30,ctn,18/09/2020,DRY
UKF06Arepack,31/12/2019,,2,ctn,26/02/2020,DRY
UKF07,31/12/2019,,20,ctn,26/02/2020,DRY
UKF07,31/12/2019,,130,ctn,18/09/2020,DRY
Univ,31/12/2019,,1,ctn,24/01/2013,FRZ
Univ02,31/12/2019,,1,ctn,19/02/2019,FRZ
Univ10,31/12/2019,,2,pack,25/05/2020,FRZ
Univ27f,31/12/2019,,2.8,ctn,9/09/2020,FRZ
Univ27f,31/12/2019,,48,ctn,9/09/2020,DRY
Univ27f,31/12/2019,,8,ctn,2/04/2021,FRZ
Univ27f,31/12/2019,,48,ctn,1/05/2021,DRY
Univ27f,31/12/2019,,144,ctn,2/07/2021,DRY
Univ27f,31/12/2019,,96,ctn,9/07/2021,DRY
Univ27g,31/12/2019,,192,ctn,8/12/2020,DRY
Univ49a,31/12/2019,,0.8,ctn,31/12/1999,FRZ
Univ53a,31/12/2019,,1.8,ctn,26/09/2016,FRZ
Univ53b,31/12/2019,,4,ctn,4/11/2017,FRZ
Univ63e,31/12/2019,,19,ctn,5/06/2020,FRZ
Univ63e,31/12/2019,,48,ctn,9/09/2020,DRY
Univ63e,31/12/2019,,48,ctn,2/05/2021,DRY
Univ63e,31/12/2019,,30,ctn,2/06/2021,DRY
Univ63e,31/12/2019,,48,ctn,14/06/2021,DRY
Univ63f,31/12/2019,,45,ctn,2/05/2021,DRY
Univ66,31/12/2019,,13,ctn,10/05/2020,FRZ
VF01,31/12/2019,,19.9,ctn,22/07/2021,FRZ
VF01,31/12/2019,,31,ctn,22/07/2021,DRY
VF02,31/12/2019,,18,ctn,15/03/2021,FRZ
VF02,31/12/2019,,9,ctn,22/07/2021,FRZ
VF03,31/12/2019,,2,ctn,22/07/2021,FRZ
VF05,31/12/2019,,21.975,ctn,22/07/2021,FRZ
VF06,31/12/2019,,32,ctn,22/07/2021,DRY
VF06,31/12/2019,,6.975,ctn,22/07/2021,FRZ
VF07,31/12/2019,,7,ctn,22/07/2021,FRZ
VF08,31/12/2019,,29,ctn,12/11/2020,DRY
VFK03,31/12/2019,,192,bag,28/08/2020,DRY
VFK03,31/12/2019,,191,bag,29/08/2020,DRY
VFK04,31/12/2019,,0.8,kg,15/05/2018,FRZ
VFK04,31/12/2019,,21,ctn,13/12/2019,FRZ
VFK04,31/12/2019,,32,ctn,23/07/2020,DRY
VFK04A,31/12/2019,,160,ctn,24/07/2020,DRY
VFK05,31/12/2019,,160,ctn,23/07/2020,DRY
VFK05,31/12/2019,,18,ctn,24/07/2020,FRZ
VFK05,31/12/2019,,64,ctn,24/07/2020,DRY
VFK06,31/12/2019,,1,ctn,18/12/2019,DRY
VFK06,31/12/2019,,32,bag,29/08/2020,DRY
VIS01c,31/12/2019,,200,ctn,31/12/2099,DRY
VIS02Ab,31/12/2019,,309.2,ctn,31/12/2099,DRY
VIS03c,31/12/2019,,185,ctn,31/12/2099,DRY
VNR1,31/12/2019,,1,bag,5/10/2020,DRY
VNR1,31/12/2019,,432,bag,2/11/2020,DRY
VNR10,31/12/2019,,113.75,ctn,8/10/2019,DRY
VNR5,31/12/2019,,1,bag,15/07/2020,DRY
VNR5,31/12/2019,,270,bag,5/10/2020,DRY
VNR5,31/12/2019,,595,bag,2/11/2020,DRY
VNR6,31/12/2019,,9,bag,9/06/2016,FRZ
VNR7,31/12/2019,,2,bag,15/07/2020,DRY
VSE01,31/12/2019,,6,pair,31/12/2099,DRY
VSE02,31/12/2019,,11,pair,31/12/2099,DRY
VSE03,31/12/2019,,11,pair,31/12/2099,DRY
VSE04,31/12/2019,,10,pair,31/12/2099,DRY
VSE05,31/12/2019,,9,pair,31/12/2099,DRY
VT01,31/12/2019,,56,bdl,31/12/2099,DRY
VT02,31/12/2019,,4,bdl,31/12/2099,DRY
VT03,31/12/2019,,1,ctn,31/12/2099,DRY
WDY01,31/12/2019,,3,ctn,1/09/2019,FRZ
YAM03,31/12/2019,,30,ctn,11/11/2020,DRY
YCF01,31/12/2019,,20,ctn,28/07/2020,FRZ
YCF01,31/12/2019,,18,ctn,1/06/2021,DRY
YCF02,31/12/2019,,18,ctn,1/06/2021,FRZ
YCF02,31/12/2019,,24,ctn,1/06/2021,DRY
YHF03,31/12/2019,,96,ctn,18/11/2020,DRY
YHF03,31/12/2019,,452,ctn,23/04/2021,DRY
YHF03,31/12/2019,,43,ctn,23/04/2021,FRZ
YHF04,31/12/2019,,5,ctn,6/05/2021,FRZ
YHF05,31/12/2019,,15,ctn,15/11/2020,FRZ
YHF06,31/12/2019,,50,ctn,18/11/2020,DRY
YHF06,31/12/2019,,37,ctn,18/11/2020,FRZ
YHF07,31/12/2019,,1,ctn,29/10/2020,FRZ
YHF07A,31/12/2019,,5,ctn,28/04/2021,DRY
YHF08,31/12/2019,,16.8,ctn,21/10/2020,FRZ
YHF08,31/12/2019,,50,ctn,21/04/2021,DRY
YHF09,31/12/2019,,3,ctn,15/11/2020,FRZ
YHF09,31/12/2019,,96,ctn,15/11/2020,DRY
YHF10,31/12/2019,,0.9,ctn,31/12/1999,FRZ
YHF10,31/12/2019,,8,ctn,1/05/2021,FRZ
YM05,31/12/2019,,2,ctn,17/01/2020,DRY
YM06,31/12/2019,,10,ctn,5/09/2021,DRY
YM07,31/12/2019,,4,ctn,19/08/2021,DRY
YM12,31/12/2019,,5,ctn,7/11/2014,DRY
YM13,31/12/2019,,3.8337,ctn,18/07/2015,DRY
YM19,31/12/2019,,3.9,ctn,25/03/2017,DRY
YM19,31/12/2019,,2,ctn,25/06/2017,DRY
YM20,31/12/2019,,108,ctn,30/10/2020,DRY
YM20,31/12/2019,,35,ctn,24/12/2020,DRY
YM20,31/12/2019,,127,ctn,23/02/2021,DRY
YM20,31/12/2019,,58,ctn,31/12/2099,DRY
YM27,31/12/2019,,71.8334,ctn,27/02/2021,DRY
YM29,31/12/2019,,40,ctn,12/07/2020,DRY
YMT01,31/12/2019,,21,ctn,21/02/2020,DRY
YMT01,31/12/2019,,64,ctn,12/06/2020,DRY
YMT02,31/12/2019,,19,ctn,20/12/2019,DRY
YMT02,31/12/2019,,45,ctn,12/06/2020,DRY
YMT02,31/12/2019,,67,ctn,17/09/2020,DRY
YMT03,31/12/2019,,8,ctn,18/09/2020,DRY
YMT05,31/12/2019,,1,ctn,25/01/2018,DRY
YS01,31/12/2019,,220,ctn,16/10/2021,DRY
YS02,31/12/2019,,180,ctn,2/09/2020,DRY
YS03,31/12/2019,,3,ctn,31/08/2019,DRY
YS03,31/12/2019,,5,ctn,31/10/2019,DRY
YS03,31/12/2019,,8,ctn,1/08/2020,DRY
YS09,31/12/2019,,1,ctn,15/08/2019,DRY
YS09,31/12/2019,,10,ctn,17/01/2021,DRY
YS24,31/12/2019,,3,ctn,27/10/2012,DRY
YS26,31/12/2019,,1,ctn,19/02/2014,DRY
YS33A,31/12/2019,,1,ctn,30/11/2019,DRY
YS33A,31/12/2019,,3,ctn,27/02/2020,DRY
YS38,31/12/2019,,5,ctn,26/09/2020,DRY
YS38,31/12/2019,,320,ctn,14/10/2021,DRY
YS39,31/12/2019,,2,ctn,31/12/2099,DRY
YS40,31/12/2019,,0.6442,ctn,31/12/2099,DRY
YS41,31/12/2019,,483,pc,31/12/2099,DRY
YS42,31/12/2019,,1,ctn,6/12/2020,DRY
YS42,31/12/2019,,10,ctn,21/02/2021,DRY
YS42,31/12/2019,,10,ctn,10/04/2021,DRY
YS46,31/12/2019,,0.98,ctn,31/12/2099,DRY
YS47,31/12/2019,,609,pc,31/12/2099,DRY
YS48,31/12/2019,,9,ctn,13/03/2020,DRY
YS54,31/12/2019,,58,ctn,14/10/2020,DRY
YZ22,31/12/2019,,1.48,ctn,29/10/2013,FRZ
YZL05,31/12/2019,,0.25,ctn,27/06/2019,DRY
ZN01,31/12/2019,,2,ctn,26/10/2020,FRZ
ZN02,31/12/2019,,2,ctn,26/10/2020,FRZ
ZN03,31/12/2019,,3,ctn,26/10/2020,FRZ
ZN04,31/12/2019,,2,ctn,26/10/2020,FRZ
ZN05,31/12/2019,,5,ctn,26/10/2020,FRZ
ZN06,31/12/2019,,5,ctn,26/10/2020,FRZ
ZN07,31/12/2019,,20,ctn,11/12/2020,FRZ
